Category,Value,Count
E-cigarettes,Negative responses,12408
Alcohol consumption frequency,I drink alcohol once a week,276
Alcohol consumption frequency,I drink only at certain times with my family,4276
Alcohol consumption frequency,"I sometimes drink, but less than once a month",737
Alcohol consumption frequency,I have tried alcohol once or twice without my family knowing,0
Alcohol consumption frequency,"I sometimes drink, but less than once a week",459
Alcohol consumption frequency,I have never had a drink of alcohol,11168
