INSERT INTO "Questions" (id, category, root_category, text, created_at, updated_at) VALUES
(1, 'personal', 'Relationships', 'Please select your gender', '2023-03-28 04:26:08', '2023-03-28 04:26:08'),
(2, 'sex', 'Relationships', 'How would you describe your sexual identity?', '2023-03-28 04:26:08', '2023-03-28 04:26:08'),
(3, 'personal', 'Relationships', 'Which of these describes you?', '2023-03-28 04:26:08', '2023-03-28 04:26:08'),
(4, 'health', 'Health', 'Do you have, or do you consider yourself to have, a disability?', '2023-03-28 04:26:08', '2023-03-28 04:26:08'),
(5, 'personal', 'Relationships', 'Where do you live?', '2023-03-28 04:26:08', '2023-03-28 04:26:08'),
(6, 'personal', 'Relationships', 'Do you have a free school meal?', '2023-03-28 04:26:08', '2023-03-28 04:26:08'),
(7, 'personal', 'Relationships', 'Which of these describes you as a student?', '2023-03-28 04:26:08', '2023-03-28 04:26:08'),
(8, 'health', 'Health', 'In a normal week, how often do you have breakfast (this means not just a snack or a drink)?', '2023-03-28 04:26:08', '2023-03-28 04:26:08'),
(9, 'health', 'Health', 'On a normal school/college day, where do you eat breakfast?', '2023-03-28 04:26:08', '2023-03-28 04:26:08'),
(10, 'health', 'Health', 'In a normal week, how often do you have the following (this means not just a snack or a drink)?', '2023-03-28 04:26:08', '2023-03-28 04:26:08'),
(11, 'health', 'Health', 'On a normal day, how many portions of the following do you have?', '2023-03-28 04:26:08', '2023-03-28 04:26:08'),
(12, 'health', 'Health', 'How often do you brush your teeth?', '2023-03-28 04:26:08', '2023-03-28 04:26:08'),
(13, 'health', 'Health', 'How often do you visit the dentist?', '2023-03-28 04:26:08', '2023-03-28 04:26:08'),
(14, 'personal', 'Relationships', 'How much do you agree or disagree with the following statements?', '2023-03-28 04:26:08', '2023-03-28 04:26:08'),
(15, 'health', 'Health', 'How often do you have breakfast (this means not just a snack or a drink)?', '2023-03-28 04:26:08', '2023-03-28 04:26:08'),
(16, 'health', 'Health', 'How many snacks (crisps, chocolate bar, packet of sweets, biscuits) do you eat a day?', '2023-03-28 04:26:08', '2023-03-28 04:26:08'),
(17, 'health', 'Health', 'How many portions of fruit and vegetables do you eat a day (can include one medium glass of fruit juice)?', '2023-03-28 04:26:08', '2023-03-28 04:26:08'),
(18, 'health', 'Health', 'How many sweetened drinks (e.g. Pepsi, fruit juice) do you drink a day', '2023-03-28 04:26:08', '2023-03-28 04:26:08'),
(19, 'health', 'Health', 'How many unsweetened drinks (e.g. milk, water) do you drink a day? ', '2023-03-28 04:26:08', '2023-03-28 04:26:08'),
(20, 'health', 'Health', 'How many high energy drinks (e.g. Red Bull, Monster) do you drink a day?', '2023-03-28 04:26:08', '2023-03-28 04:26:08'),
(21, 'health', 'Health', 'Do you brush your teeth every day?', '2023-03-28 04:26:08', '2023-03-28 04:26:08'),
(22, 'health', 'Health', 'Do you go to the dentist?', '2023-03-28 04:26:08', '2023-03-28 04:26:08'),
(23, 'personal', 'Relationships', 'Do pupils/students behave well in the dining area?', '2023-03-28 04:26:08', '2023-03-28 04:26:08'),
(24, 'personal', 'Relationships', 'Do you enjoy eating in the school dining area?', '2023-03-28 04:26:08', '2023-03-28 04:26:08'),
(25, 'personal', 'Relationships', 'Do you like the food provided by your school and does it taste nice?', '2023-03-28 04:26:08', '2023-03-28 04:26:08'),
(26, 'personal', 'Relationships', 'Does your school encourage you to drink water regularly?', '2023-03-28 04:26:08', '2023-03-28 04:26:08'),
(27, 'personal', 'Relationships', 'How do you usually travel to college?', '2023-03-28 04:26:08', '2023-03-28 04:26:08'),
(28, 'health', 'Health', 'How many minutes a day, do you usually spend sitting down watching TV/playing computer games/using the internet/using a mobile phone?', '2023-03-28 04:26:08', '2023-03-28 04:26:08'),
(29, 'sports', 'Recreation', 'How many minutes a week are you physically active for?', '2023-03-28 04:26:08', '2023-03-28 04:26:08'),
(30, 'sports', 'Recreation', 'In the last four weeks, not through school/college, which of the following activities have you done?', '2023-03-28 04:26:08', '2023-03-28 04:26:08'),
(31, 'sports', 'Recreation', 'In a normal week how many times are you physically active for 30 minutes or more?', '2023-03-28 04:26:08', '2023-03-28 04:26:08'),
(32, 'personal', 'Relationships', 'Does anything stop you from taking part in physical activities?', '2023-03-28 04:26:08', '2023-03-28 04:26:08'),
(33, 'personal', 'Relationships', 'Do you visit a park or play area after school, on an evening or at the weekend?', '2023-03-28 04:26:08', '2023-03-28 04:26:08'),
(34, 'sports', 'Recreation', 'Do you go swimming after school, on an evening or at the weekend?', '2023-03-28 04:26:08', '2023-03-28 04:26:08'),
(35, 'sports', 'Recreation', 'Do you take part in organised sports/dance (e.g. football, rugby, cricket, Zumba, gymnastics, cycling, martial arts) after school, on an evening or at the weekend?', '2023-03-28 04:26:08', '2023-03-28 04:26:08'),
(36, 'sports', 'Recreation', 'Do you go to the gym after school, on an evening or at the weekend?', '2023-03-28 04:26:08', '2023-03-28 04:26:08'),
(37, 'sports', 'Recreation', 'In the last 12 months, what sports/activities have you done in PE lessons?', '2023-03-28 04:26:08', '2023-03-28 04:26:08'),
(38, 'personal', 'Relationships', 'I have not taken part in PE this year as it has not been timetabled for my year group', '2023-03-28 04:26:08', '2023-03-28 04:26:08'),
(39, 'personal', 'Relationships', 'I have not taken part in PE this year due to personal reasons', '2023-03-28 04:26:08', '2023-03-28 04:26:08'),
(40, 'personal', 'Relationships', 'Have you enjoyed PE this year?', '2023-03-28 04:26:08', '2023-03-28 04:26:08'),
(41, 'sports', 'Recreation', 'In the last 12 months, have you represented school in a sports event? (e.g. Football, Multi-skills, Netball, Dance competition)', '2023-03-28 04:26:08', '2023-03-28 04:26:08'),
(42, 'sports', 'Recreation', 'Has PE encouraged you to do any of the following .?', '2023-03-28 04:26:08', '2023-03-28 04:26:08'),
(43, 'sports', 'Recreation', 'In the last 12 months, have you attended an after school club?', '2023-03-28 04:26:08', '2023-03-28 04:26:08'),
(44, 'sports', 'Recreation', 'What after school clubs would you like school to offer?', '2023-03-28 04:26:08', '2023-03-28 04:26:08'),
(45, 'sports', 'Recreation', 'In the last 12 months, what sports clubs have you attended outside of school?', '2023-03-28 04:26:08', '2023-03-28 04:26:08'),
(46, 'sports', 'Recreation', 'What sports/activities have you done in PE lessons?', '2023-03-28 04:26:08', '2023-03-28 04:26:08'),
(47, 'personal', 'Relationships', 'Do you enjoy PE lessons?', '2023-03-28 04:26:08', '2023-03-28 04:26:08'),
(48, 'sports', 'Recreation', 'Have you represented school in a sports event? (e.g. Football, Multi skills, Netball, Dance competition)', '2023-03-28 04:26:08', '2023-03-28 04:26:08'),
(49, 'sports', 'Recreation', 'Has PE encouraged you to attend an active/sports club at break/lunch time?', '2023-03-28 04:26:08', '2023-03-28 04:26:08'),
(50, 'sports', 'Recreation', 'Have you attended an active/sports club at break/lunch time?', '2023-03-28 04:26:08', '2023-03-28 04:26:08'),
(51, 'sports', 'Recreation', 'What active/sports clubs at break/lunch time would you like school to offer?', '2023-03-28 04:26:08', '2023-03-28 04:26:08'),
(52, 'sports', 'Recreation', 'Has PE encouraged you to join a sports club outside of school?', '2023-03-28 04:26:08', '2023-03-28 04:26:08'),
(53, 'sports', 'Recreation', 'What sports clubs have you attended outside of school?', '2023-03-28 04:26:08', '2023-03-28 04:26:08'),
(54, 'health', 'Health', 'Which of these describes you?', '2023-03-28 04:26:08', '2023-03-28 04:26:08'),
(55, 'health', 'Health', 'How often, if at all, do you travel in a car in which someone is smoking?', '2023-03-28 04:26:08', '2023-03-28 04:26:08'),
(56, 'health', 'Health', 'Have you ever smoked a cigarette?', '2023-03-28 04:26:08', '2023-03-28 04:26:08'),
(57, 'health', 'Health', 'Have you ever smoked a cigarette?', '2023-03-28 04:26:08', '2023-03-28 04:26:08'),
(58, 'health', 'Health', 'Do you still smoke cigarettes?', '2023-03-28 04:26:08', '2023-03-28 04:26:08'),
(59, 'health', 'Health', 'How many cigarettes do you smoke on your own or share?', '2023-03-28 04:26:08', '2023-03-28 04:26:08'),
(60, 'health', 'Health', 'Where do you get most of your cigarettes from?', '2023-03-28 04:26:08', '2023-03-28 04:26:08'),
(61, 'health', 'Health', 'Have you ever heard of electronic cigarettes (e-cigarettes)?', '2023-03-28 04:26:08', '2023-03-28 04:26:08'),
(62, 'health', 'Health', 'Have you ever used an electronic cigarette (e-cigarette)?', '2023-03-28 04:26:08', '2023-03-28 04:26:08'),
(63, 'health', 'Health', 'Which of these describes you?', '2023-03-28 04:26:08', '2023-03-28 04:26:08'),
(64, 'health', 'Health', 'Which of these describes you?', '2023-03-28 04:26:08', '2023-03-28 04:26:08'),
(65, 'health', 'Health', 'Where do you get most of your alcohol from?', '2023-03-28 04:26:08', '2023-03-28 04:26:08'),
(66, 'health', 'Health', 'Have you ever been OFFERED illegal drugs or glues, gases and solvents as drugs?', '2023-03-28 04:26:08', '2023-03-28 04:26:08'),
(67, 'health', 'Health', 'Have you ever USED illegal drugs or glues, gases and solvents as drugs?', '2023-03-28 04:26:08', '2023-03-28 04:26:08'),
(68, 'health', 'Health', 'How often have you used each of the following drugs?_Drugs prescribed to someone else e.g. methadone', '2023-03-28 04:26:08', '2023-03-28 04:26:08'),
(69, 'health', 'Health', 'Have you ever used substances known as New Psychoactive Substances? (These used to be known as legal highs, but are now illegal)', '2023-03-28 04:26:08', '2023-03-28 04:26:08'),
(70, 'health', 'Health', 'How often have you used each of the following New Psychoactive Substances?  (These used to be known as legal highs, but are now illegal)', '2023-03-28 04:26:08', '2023-03-28 04:26:08'),
(71, 'health', 'Health', 'Have you ever used an electronic cigarette (e-cigarettes)?', '2023-03-28 04:26:08', '2023-03-28 04:26:08'),
(72, 'health', 'Health', 'Have you ever drank alcohol?', '2023-03-28 04:26:08', '2023-03-28 04:26:08'),
(73, 'health', 'Health', 'Do you still drink alcohol?', '2023-03-28 04:26:08', '2023-03-28 04:26:08'),
(74, 'relationships', 'Relationships', 'Do you understand what is meant by consent in relation to sexual activity?', '2023-03-28 04:26:08', '2023-03-28 04:26:08'),
(75, 'relationships', 'Relationships', 'Have you ever sent a sexual image or video?', '2023-03-28 04:26:08', '2023-03-28 04:26:08'),
(76, 'relationships', 'Relationships', 'Have you ever received a sexual image or video?', '2023-03-28 04:26:08', '2023-03-28 04:26:08'),
(77, 'relationships', 'Relationships', 'Have you ever felt pressured into having sex (sexual contact between individuals involving penetration)?', '2023-03-28 04:26:08', '2023-03-28 04:26:08'),
(78, 'relationships', 'Relationships', 'If you have felt pressured into having sex (sexual contact between individuals involving penetration), who or what pressured you?', '2023-03-28 04:26:08', '2023-03-28 04:26:08'),
(79, 'relationships', 'Relationships', 'Have you ever had sex (sexual contact between individuals involving penetration)?', '2023-03-28 04:26:08', '2023-03-28 04:26:08'),
(80, 'relationships', 'Relationships', 'Who have you had sex (sexual contact between individuals involving penetration) with?', '2023-03-28 04:26:08', '2023-03-28 04:26:08'),
(81, 'relationships', 'Relationships', 'Which year group were you in when you first had sex (sexual contact between individuals involving penetration)?', '2023-03-28 04:26:08', '2023-03-28 04:26:08'),
(82, 'relationships', 'Relationships', 'The last time you had sex (sexual contact between individuals involving penetration), did you or your partner…', '2023-03-28 04:26:08', '2023-03-28 04:26:08'),
(83, 'relationships', 'Relationships', 'Where did you or your partner get the condoms or contraception from?', '2023-03-28 04:26:08', '2023-03-28 04:26:08'),
(84, 'relationships', 'Relationships', 'Why did you or your partner NOT use a condom or any other form of contraception/protection?', '2023-03-28 04:26:08', '2023-03-28 04:26:08'),
(85, 'mental_health', 'Health', 'How often do you feel the following?', '2023-03-28 04:26:08', '2023-03-28 04:26:08'),
(86, 'mental_health', 'Health', 'How well do you think you cope with feeling the following?', '2023-03-28 04:26:08', '2023-03-28 04:26:08'),
(87, 'mental_health', 'Health', 'How happy do you feel about the number of good friends you have?', '2023-03-28 04:26:08', '2023-03-28 04:26:08'),
(88, 'bullying', 'Safety', 'In the last 12 months, how often (if at all) have you been bullied in or around school/college?', '2023-03-28 04:26:08', '2023-03-28 04:26:08'),
(89, 'bullying', 'Safety', 'If you have been bullied in or around school in the last 12 months, do you think it was because of any of the following?', '2023-03-28 04:26:08', '2023-03-28 04:26:08'),
(90, 'mental_health', 'Health', 'Have you ever hurt yourself on purpose? (Often referred to as ‘self-harm’)', '2023-03-28 04:26:08', '2023-03-28 04:26:08'),
(91, 'mental_health', 'Health', 'If you have ever hurt yourself on purpose (often referred to as self-harm), which of the following statements describes you?', '2023-03-28 04:26:08', '2023-03-28 04:26:08'),
(92, 'mental_health', 'Health', 'If you needed it, were you supported by school/college to help you deal with your self-harming?', '2023-03-28 04:26:08', '2023-03-28 04:26:08'),
(93, 'gambling', 'Finance', 'In the last 12 months, have you ever taken part in any of the following activities (gambled), either online or at a venue?', '2023-03-28 04:26:08', '2023-03-28 04:26:08'),
(94, 'gambling', 'Finance', 'If you have (gambled) in the last 12 months were your parents/carers aware of this?', '2023-03-28 04:26:08', '2023-03-28 04:26:08'),
(95, 'safety', 'Safety', 'How safe do you feel at home?', '2023-03-28 04:26:08', '2023-03-28 04:26:08'),
(96, 'sleep', 'Health', 'On a normal school/college night (Sunday to Thursday) how many hours of sleep do you have?', '2023-03-28 04:26:08', '2023-03-28 04:26:08'),
(97, 'caregiving', 'Health', 'Do you help to look after somebody in your family because they?', '2023-03-28 04:26:08', '2023-03-28 04:26:08'),
(98, 'grief', 'Safety', 'Within the last 12 months, has anyone close to you died?', '2023-03-28 04:26:08', '2023-03-28 04:26:08'),
(99, 'grief', 'Safety', 'If you needed it, were you supported by school/college to help you deal with this death?', '2023-03-28 04:26:08', '2023-03-28 04:26:08'),
(100, 'worries', 'Safety', 'Over the last 12 months have you worried about any of the following?', '2023-03-28 04:26:08', '2023-03-28 04:26:08'),
(101, 'communication', 'Relationships', 'If Im worried about something', '2023-03-28 04:26:08', '2023-03-28 04:26:08'),
(102, 'well-being', 'Health', 'How much do you agree or disagree with the following statement … ‘I enjoy my life’?', '2023-03-28 04:26:08', '2023-03-28 04:26:08'),
(103, 'well-being', 'Health', 'Are you happy?', '2023-03-28 04:26:08', '2023-03-28 04:26:08'),
(104, 'friendship', 'Relationships', 'Have you got friends at school?', '2023-03-28 04:26:08', '2023-03-28 04:26:08'),
(105, 'friendship', 'Relationships', 'Have you got friends at home?', '2023-03-28 04:26:08', '2023-03-28 04:26:08'),
(106, 'bullying', 'Safety', 'Have you ever been bullied in school?', '2023-03-28 04:26:08', '2023-03-28 04:26:08'),
(107, 'safety', 'Safety', 'Do you feel safe at home?', '2023-03-28 04:26:08', '2023-03-28 04:26:08'),
(108, 'worries', 'Safety', 'Do you worry about the following?', '2023-03-28 04:26:08', '2023-03-28 04:26:08'),
(109, 'communication', 'Relationships', 'When Im worried about something I can talk to', '2023-03-28 04:26:08', '2023-03-28 04:26:08'),
(110, 'gambling', 'Finance', 'Have you ever gambled?', '2023-03-28 04:26:08', '2023-03-28 04:26:08'),
(111, 'gambling', 'Finance', 'Do you still gamble?', '2023-03-28 04:26:08', '2023-03-28 04:26:08'),
(112, 'school_experience', 'Education', 'How much do you agree or disagree with the following statements?', '2023-03-28 04:26:08', '2023-03-28 04:26:08'),
(113, 'safety', 'Safety', 'How safe do you feel in the following places?', '2023-03-28 04:26:08', '2023-03-28 04:26:08'),
(114, 'attendance', 'Safety', 'Have you ever been away from school without telling anyone?', '2023-03-28 04:26:08', '2023-03-28 04:26:08'),
(115, 'attendance', 'Safety', 'Do you ever miss lessons at college if you are not ill?', '2023-03-28 04:26:08', '2023-03-28 04:26:08'),
(116, 'attendance', 'Safety', 'Do your parents/carers know you miss lessons?', '2023-03-28 04:26:08', '2023-03-28 04:26:08'),
(117, 'civic_engagement', 'Education', 'In the last 12 months at your school/college, have you ?', '2023-03-28 04:26:08', '2023-03-28 04:26:08'),
(118, 'education', 'Education', 'How much useful information and learning have you had to help you understand the following aspects of British values? (e.g. through lessons at school/college)', '2023-03-28 04:26:08', '2023-03-28 04:26:08'),
(119, 'education', 'Education', 'How much useful information and learning have you had to help you understand the following things? (e.g. through lessons at school/college)', '2023-03-28 04:26:08', '2023-03-28 04:26:08'),
(120, 'education', 'Education', 'How much useful information and learning have you had to help you understand the following things? (e.g. through lessons at school/college)', '2023-03-28 04:26:08', '2023-03-28 04:26:08'),
(121, 'help_and_advice', 'Support & Advice', 'To make sure you are safe and healthy, would you know where to go to get help or advice for each of these things?', '2023-03-28 04:26:08', '2023-03-28 04:26:08'),
(122, 'health_and_safety', 'Health', 'How much do you agree or disagree with the following statement My school/college has been good at.', '2023-03-28 04:26:08', '2023-03-28 04:26:08'),
(123, 'school_issues', 'Education', 'How good do you think your school/college are at dealing with the following ..?', '2023-03-28 04:26:08', '2023-03-28 04:26:08'),
(124, 'school_environment', 'Education', 'How good is your school/college at encouraging you to have a healthy lifestyle?', '2023-03-28 04:26:08', '2023-03-28 04:26:08'),
(125, 'school_environment', 'Education', 'Is your school a welcoming and caring place?', '2023-03-28 04:26:08', '2023-03-28 04:26:08'),
(126, 'school_support', 'Education', 'Does your school help you if you are worried or have a problem?', '2023-03-28 04:26:08', '2023-03-28 04:26:08'),
(127, 'school_relationships', 'Relationships', 'Do you get on well with staff in your school?', '2023-03-28 04:26:08', '2023-03-28 04:26:08'),
(128, 'school_experience', 'Education', 'Are there good things to do at break times/lunchtimes?', '2023-03-28 04:26:08', '2023-03-28 04:26:08'),
(129, 'school_experience', 'Education', 'Do you enjoy going to school?', '2023-03-28 04:26:08', '2023-03-28 04:26:08'),
(130, 'school_experience', 'Education', 'Do you enjoy your life at school?', '2023-03-28 04:26:08', '2023-03-28 04:26:08'),
(131, 'school_experience', 'Education', 'Do you enjoy school holidays?', '2023-03-28 04:26:08', '2023-03-28 04:26:08'),
(132, 'safety', 'Safety', 'Do you feel safe at school during lessons', '2023-03-28 04:26:08', '2023-03-28 04:26:08'),
(133, 'safety', 'Safety', 'Do you feel safe at school at break and lunchtimes?', '2023-03-28 04:26:08', '2023-03-28 04:26:08'),
(134, 'safety', 'Safety', 'Do you feel safe at school in the toilets?', '2023-03-28 04:26:08', '2023-03-28 04:26:08'),
(135, 'safety', 'Safety', 'Do you feel safe travelling to and from school?', '2023-03-28 04:26:08', '2023-03-28 04:26:08'),
(136, 'school_experience', 'Education', 'Have you ever voted in a class/school council?', '2023-03-28 04:26:08', '2023-03-28 04:26:08'),
(137, 'health_and_safety', 'Health', 'Have you learnt anything about the importance of eating healthily ? (e.g. through lessons at school)', '2023-03-28 04:26:08', '2023-03-28 04:26:08'),
(138, 'health_and_safety', 'Health', 'Have you learnt anything about the importance of cooking healthy meals? (e.g. through lessons at school)', '2023-03-28 04:26:08', '2023-03-28 04:26:08'),
(139, 'health_and_safety', 'Health', 'Have you learnt anything about the importance of being physically active? (e.g. through lessons at school)', '2023-03-28 04:26:08', '2023-03-28 04:26:08'),
(140, 'environment', 'Safety', 'Have you learnt anything about litter and recycling? (e.g. through lessons at school)', '2023-03-28 04:26:08', '2023-03-28 04:26:08'),
(141, 'health_and_safety', 'Health', 'Have you learnt anything about drugs? (e.g. through lessons at school)', '2023-03-28 04:26:08', '2023-03-28 04:26:08'),
(142, 'health_and_safety', 'Health', 'Have you learnt anything about alcohol? (e.g. through lessons at school)', '2023-03-28 04:26:08', '2023-03-28 04:26:08'),
(143, 'health_and_safety', 'Health', 'Have you learnt anything about smoking? (e.g. through lessons at school)', '2023-03-28 04:26:08', '2023-03-28 04:26:08'),
(144, 'health_and_safety', 'Health', 'Have you learnt anything about social, emotional & mental health? (e.g. through lessons at school)', '2023-03-28 04:26:08', '2023-03-28 04:26:08'),
(145, 'health_and_safety', 'Health', 'Have you learnt anything about how to cope with a death? (e.g. through lessons at school)', '2023-03-28 04:26:08', '2023-03-28 04:26:08'),
(146, 'bullying', 'Safety', 'Have you learnt anything about bullying and ways to stop it happening in school? (e.g. through lessons at school)', '2023-03-28 04:26:08', '2023-03-28 04:26:08'),
(147, 'safety', 'Safety', 'Have you learnt anything about staying safe on the internet? (e.g. through lessons at school)', '2023-03-28 04:26:08', '2023-03-28 04:26:08'),
(148, 'health_and_safety', 'Health', 'Have you learnt anything about gambling? (e.g. through lessons at school)', '2023-03-28 04:26:08', '2023-03-28 04:26:08'),
(149, 'finance', 'Finance', 'Have you learnt anything about how to manage money? (e.g. through lessons at school)', '2023-03-28 04:26:08', '2023-03-28 04:26:08'),
(150, 'health_and_safety', 'Health', 'Have you learnt anything about how your feelings will change as you grow up? (e.g. through lessons at school)', '2023-03-28 04:26:08', '2023-03-28 04:26:08'),
(151, 'health_and_safety', 'Health', 'Have you learnt anything about how your body will change as you grow up? (e.g. through lessons at school)', '2023-03-28 04:26:08', '2023-03-28 04:26:08'),
(152, 'health_and_safety', 'Health', 'Have you learnt anything about keeping clean? (e.g. through lessons at school)', '2023-03-28 04:26:08', '2023-03-28 04:26:08'),
(153, 'relationships', 'Relationships', 'Have you learnt anything about safe and unsafe relationships? (e.g. through lessons at school)', '2023-03-28 04:26:08', '2023-03-28 04:26:08'),
(154, 'relationships', 'Relationships', 'Have you learnt anything about relationships and sex?', '2023-03-28 04:26:08', '2023-03-28 04:26:08'),
(155, 'health_and_safety', 'Health', 'Have you learnt anything about how babies are made and born?', '2023-03-28 04:26:08', '2023-03-28 04:26:08'),
(156, 'health_and_safety', 'Health', 'Have you learnt anything about using contraception?', '2023-03-28 04:26:08', '2023-03-28 04:26:08'),
(157, 'health_and_safety', 'Health', 'Have you learnt anything about avoiding Sexual Transmitted Infections (eg. Chlamydia), HIV, AIDS? (e.g. through lessons at school)', '2023-03-28 04:26:08', '2023-03-28 04:26:08'),
(158, 'bullying', 'Safety', 'Have you learnt anything about Homophobic/Biphobic/Transphobic bullying and ways to stop it? (e.g. through lessons at school)', '2023-03-28 04:26:08', '2023-03-28 04:26:08'),
(159, 'relationships', 'Relationships', 'Have you learnt anything about domestic violence and abusive relationships? (e.g. through lessons at school)', '2023-03-28 04:26:08', '2023-03-28 04:26:08'),
(160, 'safety', 'Safety', 'If anybody sent you hurtful messages, pictures or videos on the internet or on your mobile phone, would you know who to tell?', '2023-03-28 04:26:08', '2023-03-28 04:26:08'),
(161, 'safety', 'Safety', 'If you ever felt unsafe would you know where to go for help?', '2023-03-28 04:26:08', '2023-03-28 04:26:08'),
(162, 'school_experience', 'Education', 'Do you find your Personal, Social, Health and Economic (PSHE) education lessons useful?', '2023-03-28 04:26:08', '2023-03-28 04:26:08');

INSERT INTO "Options" ("QuestionId", text, created_at, updated_at) VALUES
(10, 'Evening meal/Dinner', '2023-03-28 04:26:08', '2023-03-28 04:26:08'),
(10, 'Lunch', '2023-03-28 04:26:08', '2023-03-28 04:26:08'),
(11, 'Fruit & vegetables (can include up to one medium glass of fruit juice)', '2023-03-28 04:26:08', '2023-03-28 04:26:08'),
(11, 'High energy drinks (e.g. Red Bull, Monster)', '2023-03-28 04:26:08', '2023-03-28 04:26:08'),
(11, 'Sweetened drinks (e.g. Pepsi, fruit juice)', '2023-03-28 04:26:08', '2023-03-28 04:26:08'),
(11, 'Unsweetened drinks (e.g. milk, water)', '2023-03-28 04:26:08', '2023-03-28 04:26:08'),
(11, 'Snacks (crisps, chocolate bar, packet of sweets, biscuits)', '2023-03-28 04:26:08', '2023-03-28 04:26:08'),
(14, 'I enjoy eating in my school/college dining area', '2023-03-28 04:26:08', '2023-03-28 04:26:08'),
(14, 'My school/college encourages me to drink water regularly', '2023-03-28 04:26:08', '2023-03-28 04:26:08'),
(14, 'Queuing time is short in the dining area', '2023-03-28 04:26:08', '2023-03-28 04:26:08'),
(14, 'I like the food provided by my school/college and it tastes nice', '2023-03-28 04:26:08', '2023-03-28 04:26:08'),
(14, 'Pupils/students behave well in the dining area', '2023-03-28 04:26:08', '2023-03-28 04:26:08'),
(14, 'I can usually find a place to sit and eat my lunch in the dining area', '2023-03-28 04:26:08', '2023-03-28 04:26:08'),
(14, 'At this school/college, I have enough time to eat my lunch', '2023-03-28 04:26:08', '2023-03-28 04:26:08'),
(29, 'Outside of school/college - playing out/recreational', '2023-03-28 04:26:08', '2023-03-28 04:26:08'),
(29, 'At school/college but not in lesson times  (e.g. break/lunch times/after school)', '2023-03-28 04:26:08', '2023-03-28 04:26:08'),
(29, 'Outside of school/college - organised sports/dance  (e.g. football, rugby, cricket, dance, Zumba, gymnastics, cycling, martial arts)', '2023-03-28 04:26:08', '2023-03-28 04:26:08'),
(29, 'In school/college lessons  (e.g. PE lessons)', '2023-03-28 04:26:08', '2023-03-28 04:26:08'),
(30, 'Been to the gym', '2023-03-28 04:26:08', '2023-03-28 04:26:08'),
(30, 'Visited a park or play area', '2023-03-28 04:26:08', '2023-03-28 04:26:08'),
(30, 'Taken part in organised sports/dance (e.g. football, rugby, cricket, dance, Zumba, gymnastics, cycling, martial arts)', '2023-03-28 04:26:08', '2023-03-28 04:26:08'),
(30, 'Been swimming', '2023-03-28 04:26:08', '2023-03-28 04:26:08'),
(32, 'My parents/carers worry about me', '2023-03-28 04:26:08', '2023-03-28 04:26:08'),
(32, 'Activities don’t cater for my disability', '2023-03-28 04:26:08', '2023-03-28 04:26:08'),
(32, 'Nothing appeals to me', '2023-03-28 04:26:08', '2023-03-28 04:26:08'),
(32, 'Too much school/college work', '2023-03-28 04:26:08', '2023-03-28 04:26:08'),
(32, 'Other', '2023-03-28 04:26:08', '2023-03-28 04:26:08'),
(32, 'Nothing available in my area', '2023-03-28 04:26:08', '2023-03-28 04:26:08'),
(32, 'Nothing stops me, I do take part in physical activity', '2023-03-28 04:26:08', '2023-03-28 04:26:08'),
(32, 'Nothing available when I want to do it', '2023-03-28 04:26:08', '2023-03-28 04:26:08'),
(32, 'I don’t have the confidence', '2023-03-28 04:26:08', '2023-03-28 04:26:08'),
(32, 'I have no one to go with', '2023-03-28 04:26:08', '2023-03-28 04:26:08'),
(32, 'I have a job', '2023-03-28 04:26:08', '2023-03-28 04:26:08'),
(32, 'Nothing stops me from taking part, I choose not to', '2023-03-28 04:26:08', '2023-03-28 04:26:08'),
(32, 'Costs too much', '2023-03-28 04:26:08', '2023-03-28 04:26:08'),
(32, 'I cant get there', '2023-03-28 04:26:08', '2023-03-28 04:26:08'),
(32, 'I dont have the time', '2023-03-28 04:26:08', '2023-03-28 04:26:08'),
(32, 'I dont know how to find out whats on offer', '2023-03-28 04:26:08', '2023-03-28 04:26:08'),
(37, 'Cricket', '2023-03-28 04:26:08', '2023-03-28 04:26:08'),
(37, 'Athletics', '2023-03-28 04:26:08', '2023-03-28 04:26:08'),
(37, 'Other', '2023-03-28 04:26:08', '2023-03-28 04:26:08'),
(37, 'Yoga', '2023-03-28 04:26:08', '2023-03-28 04:26:08'),
(37, 'Volleyball', '2023-03-28 04:26:08', '2023-03-28 04:26:08'),
(37, 'Tennis', '2023-03-28 04:26:08', '2023-03-28 04:26:08'),
(37, 'Basketball', '2023-03-28 04:26:08', '2023-03-28 04:26:08'),
(37, 'Cycling', '2023-03-28 04:26:08', '2023-03-28 04:26:08'),
(37, 'Dance', '2023-03-28 04:26:08', '2023-03-28 04:26:08'),
(37, 'Dodgeball', '2023-03-28 04:26:08', '2023-03-28 04:26:08'),
(37, 'Football', '2023-03-28 04:26:08', '2023-03-28 04:26:08'),
(37, 'Gymnastics', '2023-03-28 04:26:08', '2023-03-28 04:26:08'),
(37, 'Judo', '2023-03-28 04:26:08', '2023-03-28 04:26:08'),
(37, 'Karate', '2023-03-28 04:26:08', '2023-03-28 04:26:08'),
(37, 'Multi-skills', '2023-03-28 04:26:08', '2023-03-28 04:26:08'),
(37, 'Netball', '2023-03-28 04:26:08', '2023-03-28 04:26:08'),
(37, 'Rounders', '2023-03-28 04:26:08', '2023-03-28 04:26:08'),
(37, 'Running', '2023-03-28 04:26:08', '2023-03-28 04:26:08'),
(37, 'Hockey', '2023-03-28 04:26:08', '2023-03-28 04:26:08'),
(37, 'Swimming', '2023-03-28 04:26:08', '2023-03-28 04:26:08'),
(37, 'Skipping', '2023-03-28 04:26:08', '2023-03-28 04:26:08'),
(37, 'Tag Rugby', '2023-03-28 04:26:08', '2023-03-28 04:26:08'),
(37, 'Rugby', '2023-03-28 04:26:08', '2023-03-28 04:26:08'),
(42, 'Attend an after school club', '2023-03-28 04:26:08', '2023-03-28 04:26:08'),
(42, 'Join a sports club outside of school', '2023-03-28 04:26:08', '2023-03-28 04:26:08'),
(44, 'Skipping', '2023-03-28 04:26:08', '2023-03-28 04:26:08'),
(44, 'Running', '2023-03-28 04:26:08', '2023-03-28 04:26:08'),
(44, 'Rounders', '2023-03-28 04:26:08', '2023-03-28 04:26:08'),
(44, 'Multi-skills', '2023-03-28 04:26:08', '2023-03-28 04:26:08'),
(44, 'Cycling', '2023-03-28 04:26:08', '2023-03-28 04:26:08'),
(44, 'Dance', '2023-03-28 04:26:08', '2023-03-28 04:26:08'),
(44, 'Dodgeball', '2023-03-28 04:26:08', '2023-03-28 04:26:08'),
(44, 'Basketball', '2023-03-28 04:26:08', '2023-03-28 04:26:08'),
(44, 'Cricket', '2023-03-28 04:26:08', '2023-03-28 04:26:08'),
(44, 'Other', '2023-03-28 04:26:08', '2023-03-28 04:26:08'),
(44, 'Volleyball', '2023-03-28 04:26:08', '2023-03-28 04:26:08'),
(44, 'I am happy with the sports club(s) my school offers', '2023-03-28 04:26:08', '2023-03-28 04:26:08'),
(44, 'Tennis', '2023-03-28 04:26:08', '2023-03-28 04:26:08'),
(44, 'Athletics', '2023-03-28 04:26:08', '2023-03-28 04:26:08'),
(44, 'Tag Rugby', '2023-03-28 04:26:08', '2023-03-28 04:26:08'),
(44, 'I am not interested in any after school clubs that school might offer', '2023-03-28 04:26:08', '2023-03-28 04:26:08'),
(44, 'Yoga', '2023-03-28 04:26:08', '2023-03-28 04:26:08'),
(44, 'Rugby', '2023-03-28 04:26:08', '2023-03-28 04:26:08'),
(44, 'Hockey', '2023-03-28 04:26:08', '2023-03-28 04:26:08'),
(44, 'Netball', '2023-03-28 04:26:08', '2023-03-28 04:26:08'),
(44, 'Karate', '2023-03-28 04:26:08', '2023-03-28 04:26:08'),
(44, 'Judo', '2023-03-28 04:26:08', '2023-03-28 04:26:08'),
(44, 'Gymnastics', '2023-03-28 04:26:08', '2023-03-28 04:26:08'),
(44, 'Football', '2023-03-28 04:26:08', '2023-03-28 04:26:08'),
(45, 'Karate', '2023-03-28 04:26:08', '2023-03-28 04:26:08'),
(45, 'Basketball', '2023-03-28 04:26:08', '2023-03-28 04:26:08'),
(45, 'Tennis', '2023-03-28 04:26:08', '2023-03-28 04:26:08'),
(45, 'Athletics', '2023-03-28 04:26:08', '2023-03-28 04:26:08'),
(45, 'Netball', '2023-03-28 04:26:08', '2023-03-28 04:26:08'),
(45, 'Rounders', '2023-03-28 04:26:08', '2023-03-28 04:26:08'),
(45, 'I havent attended any sports clubs outside of school', '2023-03-28 04:26:08', '2023-03-28 04:26:08'),
(45, 'Rugby', '2023-03-28 04:26:08', '2023-03-28 04:26:08'),
(45, 'Running', '2023-03-28 04:26:08', '2023-03-28 04:26:08'),
(45, 'Skipping', '2023-03-28 04:26:08', '2023-03-28 04:26:08'),
(45, 'Swimming', '2023-03-28 04:26:08', '2023-03-28 04:26:08'),
(45, 'Tag Rugby', '2023-03-28 04:26:08', '2023-03-28 04:26:08'),
(45, 'Dodgeball', '2023-03-28 04:26:08', '2023-03-28 04:26:08'),
(45, 'Football', '2023-03-28 04:26:08', '2023-03-28 04:26:08'),
(45, 'Dance', '2023-03-28 04:26:08', '2023-03-28 04:26:08'),
(45, 'Cycling', '2023-03-28 04:26:08', '2023-03-28 04:26:08'),
(45, 'Gymnastics', '2023-03-28 04:26:08', '2023-03-28 04:26:08'),
(45, 'Hockey', '2023-03-28 04:26:08', '2023-03-28 04:26:08'),
(45, 'Cricket', '2023-03-28 04:26:08', '2023-03-28 04:26:08'),
(45, 'Judo', '2023-03-28 04:26:08', '2023-03-28 04:26:08'),
(45, 'Volleyball', '2023-03-28 04:26:08', '2023-03-28 04:26:08'),
(45, 'Other', '2023-03-28 04:26:08', '2023-03-28 04:26:08'),
(46, 'Judo', '2023-03-28 04:26:08', '2023-03-28 04:26:08'),
(46, 'Athletics', '2023-03-28 04:26:08', '2023-03-28 04:26:08'),
(46, 'Basketball', '2023-03-28 04:26:08', '2023-03-28 04:26:08'),
(46, 'Cricket', '2023-03-28 04:26:08', '2023-03-28 04:26:08'),
(46, 'Cycling', '2023-03-28 04:26:08', '2023-03-28 04:26:08'),
(46, 'Dance', '2023-03-28 04:26:08', '2023-03-28 04:26:08'),
(46, 'Dodgeball', '2023-03-28 04:26:08', '2023-03-28 04:26:08'),
(46, 'Football', '2023-03-28 04:26:08', '2023-03-28 04:26:08'),
(46, 'Gymnastics', '2023-03-28 04:26:08', '2023-03-28 04:26:08'),
(46, 'Hockey', '2023-03-28 04:26:08', '2023-03-28 04:26:08'),
(46, 'Karate', '2023-03-28 04:26:08', '2023-03-28 04:26:08'),
(46, 'Multi-skills', '2023-03-28 04:26:08', '2023-03-28 04:26:08'),
(46, 'Netball', '2023-03-28 04:26:08', '2023-03-28 04:26:08'),
(46, 'Rounders', '2023-03-28 04:26:08', '2023-03-28 04:26:08'),
(46, 'Rugby', '2023-03-28 04:26:08', '2023-03-28 04:26:08'),
(46, 'Running', '2023-03-28 04:26:08', '2023-03-28 04:26:08'),
(46, 'Skipping', '2023-03-28 04:26:08', '2023-03-28 04:26:08'),
(46, 'Tag Rugby', '2023-03-28 04:26:08', '2023-03-28 04:26:08'),
(46, 'Tennis', '2023-03-28 04:26:08', '2023-03-28 04:26:08'),
(46, 'Volleyball', '2023-03-28 04:26:08', '2023-03-28 04:26:08'),
(46, 'Yoga', '2023-03-28 04:26:08', '2023-03-28 04:26:08'),
(46, 'Other', '2023-03-28 04:26:08', '2023-03-28 04:26:08'),
(46, 'I have not taken part in PE this year due to personal reasons', '2023-03-28 04:26:08', '2023-03-28 04:26:08'),
(46, 'I have not taken part in PE this year as it has not been timetabled for my year group', '2023-03-28 04:26:08', '2023-03-28 04:26:08'),
(46, 'Swimming', '2023-03-28 04:26:08', '2023-03-28 04:26:08'),
(51, 'Netball', '2023-03-28 04:26:08', '2023-03-28 04:26:08'),
(51, 'I am happy with the active/sports club/s my school offers', '2023-03-28 04:26:08', '2023-03-28 04:26:08'),
(51, 'I am not interested in any active/sports clubs that school might offer', '2023-03-28 04:26:08', '2023-03-28 04:26:08'),
(51, 'Other', '2023-03-28 04:26:08', '2023-03-28 04:26:08'),
(51, 'Yoga', '2023-03-28 04:26:08', '2023-03-28 04:26:08'),
(51, 'Volleyball', '2023-03-28 04:26:08', '2023-03-28 04:26:08'),
(51, 'Tennis', '2023-03-28 04:26:08', '2023-03-28 04:26:08'),
(51, 'Tag Rugby', '2023-03-28 04:26:08', '2023-03-28 04:26:08'),
(51, 'Skipping', '2023-03-28 04:26:08', '2023-03-28 04:26:08'),
(51, 'Running', '2023-03-28 04:26:08', '2023-03-28 04:26:08'),
(51, 'Rugby', '2023-03-28 04:26:08', '2023-03-28 04:26:08'),
(51, 'Rounders', '2023-03-28 04:26:08', '2023-03-28 04:26:08'),
(51, 'Multi-skills', '2023-03-28 04:26:08', '2023-03-28 04:26:08'),
(51, 'Karate', '2023-03-28 04:26:08', '2023-03-28 04:26:08'),
(51, 'Judo', '2023-03-28 04:26:08', '2023-03-28 04:26:08'),
(51, 'Hockey', '2023-03-28 04:26:08', '2023-03-28 04:26:08'),
(51, 'Gymnastics', '2023-03-28 04:26:08', '2023-03-28 04:26:08'),
(51, 'Football', '2023-03-28 04:26:08', '2023-03-28 04:26:08'),
(51, 'Dodgeball', '2023-03-28 04:26:08', '2023-03-28 04:26:08'),
(51, 'Dance', '2023-03-28 04:26:08', '2023-03-28 04:26:08'),
(51, 'Cycling', '2023-03-28 04:26:08', '2023-03-28 04:26:08'),
(51, 'Cricket', '2023-03-28 04:26:08', '2023-03-28 04:26:08'),
(51, 'Basketball', '2023-03-28 04:26:08', '2023-03-28 04:26:08'),
(51, 'Athletics', '2023-03-28 04:26:08', '2023-03-28 04:26:08'),
(53, 'Rounders', '2023-03-28 04:26:08', '2023-03-28 04:26:08'),
(53, 'Netball', '2023-03-28 04:26:08', '2023-03-28 04:26:08'),
(53, 'Karate', '2023-03-28 04:26:08', '2023-03-28 04:26:08'),
(53, 'Judo', '2023-03-28 04:26:08', '2023-03-28 04:26:08'),
(53, 'Hockey', '2023-03-28 04:26:08', '2023-03-28 04:26:08'),
(53, 'Gymnastics', '2023-03-28 04:26:08', '2023-03-28 04:26:08'),
(53, 'Football', '2023-03-28 04:26:08', '2023-03-28 04:26:08'),
(53, 'Dodgeball', '2023-03-28 04:26:08', '2023-03-28 04:26:08'),
(53, 'Dance', '2023-03-28 04:26:08', '2023-03-28 04:26:08'),
(53, 'Cycling', '2023-03-28 04:26:08', '2023-03-28 04:26:08'),
(53, 'Cricket', '2023-03-28 04:26:08', '2023-03-28 04:26:08'),
(53, 'Basketball', '2023-03-28 04:26:08', '2023-03-28 04:26:08'),
(53, 'Athletics', '2023-03-28 04:26:08', '2023-03-28 04:26:08'),
(53, 'Tennis', '2023-03-28 04:26:08', '2023-03-28 04:26:08'),
(53, 'Running', '2023-03-28 04:26:08', '2023-03-28 04:26:08'),
(53, 'Volleyball', '2023-03-28 04:26:08', '2023-03-28 04:26:08'),
(53, 'Other', '2023-03-28 04:26:08', '2023-03-28 04:26:08'),
(53, 'I havent attended any sports clubs outside of school', '2023-03-28 04:26:08', '2023-03-28 04:26:08'),
(53, 'Skipping', '2023-03-28 04:26:08', '2023-03-28 04:26:08'),
(53, 'Tag Rugby', '2023-03-28 04:26:08', '2023-03-28 04:26:08'),
(53, 'Swimming', '2023-03-28 04:26:08', '2023-03-28 04:26:08'),
(53, 'Rugby', '2023-03-28 04:26:08', '2023-03-28 04:26:08'),
(54, 'I do not live with anyone who smokes', '2023-03-28 04:26:08', '2023-03-28 04:26:08'),
(54, 'I live with someone that smokes inside the house', '2023-03-28 04:26:08', '2023-03-28 04:26:08'),
(54, 'I live with someone that smokes outside the house', '2023-03-28 04:26:08', '2023-03-28 04:26:08'),
(117, 'Shared your views on how to make your local area/community better for children and young people (e.g. through surveys, Youth Parliament, referendums, youth summits, Childrens Mayor, Youth Council, youth groups)', '2023-03-28 04:26:08', '2023-03-28 04:26:08'),
(117, 'Had your say about how your school/college is run (e.g. shared ideas through your school council, giving feedback to staff, running your own events etc.)', '2023-03-28 04:26:08', '2023-03-28 04:26:08'),
(117, 'Made decisions (or voted) in a class, school, college council/student election', '2023-03-28 04:26:08', '2023-03-28 04:26:08'),
(117, 'Felt that any suggestions/ideas you have shared have been heard by adults and have influenced change in your school/college, local area/community', '2023-03-28 04:26:08', '2023-03-28 04:26:08'),
(118, 'That we all have rights', '2023-03-28 04:26:08', '2023-03-28 04:26:08'),
(118, 'Respect for others', '2023-03-28 04:26:08', '2023-03-28 04:26:08'),
(118, 'Democracy and how it works', '2023-03-28 04:26:08', '2023-03-28 04:26:08'),
(118, 'Why we have rules and laws', '2023-03-28 04:26:08', '2023-03-28 04:26:08'),
(118, 'Understand that other people have different faiths and beliefs.', '2023-03-28 04:26:08', '2023-03-28 04:26:08'),
(119, 'Alcohol', '2023-03-28 04:26:08', '2023-03-28 04:26:08'),
(119, 'Drugs', '2023-03-28 04:26:08', '2023-03-28 04:26:08'),
(119, 'Litter and recycling', '2023-03-28 04:26:08', '2023-03-28 04:26:08'),
(119, 'How to manage money', '2023-03-28 04:26:08', '2023-03-28 04:26:08'),
(119, 'Self-harm', '2023-03-28 04:26:08', '2023-03-28 04:26:08'),
(119, 'Smoking', '2023-03-28 04:26:08', '2023-03-28 04:26:08'),
(119, 'Social, Emotional & Mental Health', '2023-03-28 04:26:08', '2023-03-28 04:26:08'),
(119, 'Gambling', '2023-03-28 04:26:08', '2023-03-28 04:26:08'),
(119, 'Bullying and ways to stop it happening in school', '2023-03-28 04:26:08', '2023-03-28 04:26:08'),
(119, 'The importance of cooking healthy meals', '2023-03-28 04:26:08', '2023-03-28 04:26:08'),
(119, 'The importance of being physically active', '2023-03-28 04:26:08', '2023-03-28 04:26:08'),
(119, 'The importance of eating healthily', '2023-03-28 04:26:08', '2023-03-28 04:26:08'),
(119, 'Being a safe driver/passenger', '2023-03-28 04:26:08', '2023-03-28 04:26:08'),
(119, 'Knife/weapon awareness', '2023-03-28 04:26:08', '2023-03-28 04:26:08'),
(119, 'Leaving home/Living independently', '2023-03-28 04:26:08', '2023-03-28 04:26:08'),
(119, 'Gangs', '2023-03-28 04:26:08', '2023-03-28 04:26:08'),
(119, 'Radicalisation/extremism', '2023-03-28 04:26:08', '2023-03-28 04:26:08'),
(119, 'How to cope with a separation', '2023-03-28 04:26:08', '2023-03-28 04:26:08'),
(119, 'How to cope with a death', '2023-03-28 04:26:08', '2023-03-28 04:26:08'),
(119, 'Staying safe on the internet', '2023-03-28 04:26:08', '2023-03-28 04:26:08'),
(119, 'Pressure/encouragement to commit a crime', '2023-03-28 04:26:08', '2023-03-28 04:26:08'),
(120, 'Personal hygiene/ Keeping clean', '2023-03-28 04:26:08', '2023-03-28 04:26:08'),
(120, 'How your body will change as you grow up', '2023-03-28 04:26:08', '2023-03-28 04:26:08'),
(120, 'Homophobic/Biphobic/Transphobic bullying and ways to stop it', '2023-03-28 04:26:08', '2023-03-28 04:26:08'),
(120, 'How your feelings will change as you grow up', '2023-03-28 04:26:08', '2023-03-28 04:26:08'),
(120, 'How to be a good parent', '2023-03-28 04:26:08', '2023-03-28 04:26:08'),
(120, 'Female Genital Mutilation (FGM)', '2023-03-28 04:26:08', '2023-03-28 04:26:08'),
(120, 'Child Sexual Exploitation (also known as grooming)', '2023-03-28 04:26:08', '2023-03-28 04:26:08'),
(120, 'How alcohol and drugs can influence sexual behaviour', '2023-03-28 04:26:08', '2023-03-28 04:26:08'),
(120, 'Relationships and Sex', '2023-03-28 04:26:08', '2023-03-28 04:26:08'),
(120, 'What makes a good relationship', '2023-03-28 04:26:08', '2023-03-28 04:26:08'),
(120, 'Domestic violence and abusive relationships', '2023-03-28 04:26:08', '2023-03-28 04:26:08'),
(120, 'Waiting until you are older or ready to have sex', '2023-03-28 04:26:08', '2023-03-28 04:26:08'),
(120, 'Using contraception', '2023-03-28 04:26:08', '2023-03-28 04:26:08'),
(120, 'How babies are made (conception) and born', '2023-03-28 04:26:08', '2023-03-28 04:26:08'),
(120, 'Different types of families (single parents, living with grandparents, having step-parents, having two mums or two dads)', '2023-03-28 04:26:08', '2023-03-28 04:26:08'),
(120, 'Avoiding Sexually Transmitted Infections (e.g. Chlamydia), HIV, AIDS.', '2023-03-28 04:26:08', '2023-03-28 04:26:08'),
(120, 'Safe and unsafe relationships', '2023-03-28 04:26:08', '2023-03-28 04:26:08'),
(121, 'Something you saw on the internet, which upsets you', '2023-03-28 04:26:08', '2023-03-28 04:26:08'),
(121, 'Radicalisation/extremism', '2023-03-28 04:26:08', '2023-03-28 04:26:08'),
(121, 'Pressure to be in a gang', '2023-03-28 04:26:08', '2023-03-28 04:26:08'),
(121, 'Pressure/encouragement to commit a crime', '2023-03-28 04:26:08', '2023-03-28 04:26:08'),
(121, 'Pupils carrying knives/weapons', '2023-03-28 04:26:08', '2023-03-28 04:26:08'),
(121, 'Gambling', '2023-03-28 04:26:08', '2023-03-28 04:26:08'),
(121, 'Managing money/budgeting', '2023-03-28 04:26:08', '2023-03-28 04:26:08'),
(121, 'Money problems', '2023-03-28 04:26:08', '2023-03-28 04:26:08'),
(121, 'Housing', '2023-03-28 04:26:08', '2023-03-28 04:26:08'),
(121, 'Growing up - changes in body and feelings', '2023-03-28 04:26:08', '2023-03-28 04:26:08'),
(121, 'Relationships', '2023-03-28 04:26:08', '2023-03-28 04:26:08'),
(121, 'Contraception/Sexual health advice and treatment', '2023-03-28 04:26:08', '2023-03-28 04:26:08'),
(121, 'How to use a condom', '2023-03-28 04:26:08', '2023-03-28 04:26:08'),
(121, 'Homophobic/Biphobic/Transphobic bullying', '2023-03-28 04:26:08', '2023-03-28 04:26:08'),
(121, 'Domestic violence and abusive relationships', '2023-03-28 04:26:08', '2023-03-28 04:26:08'),
(121, 'Child Sexual Exploitation (also known as grooming)', '2023-03-28 04:26:08', '2023-03-28 04:26:08'),
(121, 'Female Genital Mutilation (FGM)', '2023-03-28 04:26:08', '2023-03-28 04:26:08'),
(121, 'Problems out of school/college', '2023-03-28 04:26:08', '2023-03-28 04:26:08'),
(121, 'Social, Emotional and Mental Health', '2023-03-28 04:26:08', '2023-03-28 04:26:08'),
(121, 'Eating healthily', '2023-03-28 04:26:08', '2023-03-28 04:26:08'),
(121, 'Someone asking you for your personal details (such as your address) on the internet', '2023-03-28 04:26:08', '2023-03-28 04:26:08'),
(121, 'Staying safe on the internet', '2023-03-28 04:26:08', '2023-03-28 04:26:08'),
(121, 'Bullying', '2023-03-28 04:26:08', '2023-03-28 04:26:08'),
(121, 'Relationships and sex', '2023-03-28 04:26:08', '2023-03-28 04:26:08'),
(121, 'How to cope with a death', '2023-03-28 04:26:08', '2023-03-28 04:26:08'),
(121, 'How to cope with a separation', '2023-03-28 04:26:08', '2023-03-28 04:26:08'),
(121, 'Self-harm', '2023-03-28 04:26:08', '2023-03-28 04:26:08'),
(121, 'Someone sending you upsetting messages, pictures or videos on the internet or on your mobile phone', '2023-03-28 04:26:08', '2023-03-28 04:26:08'),
(121, 'Smoking', '2023-03-28 04:26:08', '2023-03-28 04:26:08'),
(121, 'Drugs', '2023-03-28 04:26:08', '2023-03-28 04:26:08'),
(121, 'Alcohol', '2023-03-28 04:26:08', '2023-03-28 04:26:08'),
(121, 'Problems in school/college', '2023-03-28 04:26:08', '2023-03-28 04:26:08'),
(121, 'Litter and recycling', '2023-03-28 04:26:08', '2023-03-28 04:26:08'),
(121, 'Being more active', '2023-03-28 04:26:08', '2023-03-28 04:26:08'),
(122, 'Helping me to keep myself safe from the risks of drugs and alcohol', '2023-03-28 04:26:08', '2023-03-28 04:26:08'),
(122, 'Helping me to keep myself safe from the risks of having sex', '2023-03-28 04:26:08', '2023-03-28 04:26:08'),
(122, 'Helping me to keep myself safe from the risks of having unhealthy relationships', '2023-03-28 04:26:08', '2023-03-28 04:26:08'),
(122, 'Giving me the information to be able to think about the benefits of waiting until I am ready to have sex', '2023-03-28 04:26:08', '2023-03-28 04:26:08'),
(122, 'Do you find your Personal, Social, Health and Economic (PSHE) education lessons useful?', '2023-03-28 04:26:08', '2023-03-28 04:26:08'),
(122, 'How much do you agree or disagree with the following statement that… ‘At this school, visitors who support Personal, Social, Health and Economic (PSHE) education in lessons or assemblies are useful and teach me new things.’', '2023-03-28 04:26:08', '2023-03-28 04:26:08'),
(123, 'Homophobia', '2023-03-28 04:26:08', '2023-03-28 04:26:08'),
(123, 'Racism', '2023-03-28 04:26:08', '2023-03-28 04:26:08'),
(123, 'Sexism', '2023-03-28 04:26:08', '2023-03-28 04:26:08'),
(123, 'Smoking', '2023-03-28 04:26:08', '2023-03-28 04:26:08'),
(123, 'Alcohol', '2023-03-28 04:26:08', '2023-03-28 04:26:08'),
(123, 'Cyber-bullying', '2023-03-28 04:26:08', '2023-03-28 04:26:08'),
(123, 'Bullying', '2023-03-28 04:26:08', '2023-03-28 04:26:08'),
(123, 'Pupils/students with radical or extremist views', '2023-03-28 04:26:08', '2023-03-28 04:26:08'),
(123, 'Behaviour', '2023-03-28 04:26:08', '2023-03-28 04:26:08'),
(123, 'Drugs (including volatile substances e.g. glues, gases or solvents)', '2023-03-28 04:26:08', '2023-03-28 04:26:08'),
(123, 'Pupils/students sharing sexual messages, pictures and videos', '2023-03-28 04:26:08', '2023-03-28 04:26:08'),
(123, 'People from different backgrounds not getting on well', '2023-03-28 04:26:08', '2023-03-28 04:26:08'),
(123, 'Gangs', '2023-03-28 04:26:08', '2023-03-28 04:26:08'),
(123, 'Pupils/students carrying knives/weapons', '2023-03-28 04:26:08', '2023-03-28 04:26:08'),
(123, 'Litter and recycling', '2023-03-28 04:26:08', '2023-03-28 04:26:08');

INSERT INTO "Users" (id, fullname, email, password, is_staff, is_superuser, created_at, updated_at) VALUES 
(1, 'Robert Love', 'lance64@example.net', '$2a$10$XzSieHOhgzp1n8nuv2T/6ergVmf6LzxKnR8SIx23Any7gfH52Md0i', false, false, '2023-06-11 06:11:11', '2023-06-11 06:11:11'), 
(2, 'Ashley Davis', 'carrieturnerstaff@example.com', '$2a$10$XzSieHOhgzp1n8nuv2T/6ergVmf6LzxKnR8SIx23Any7gfH52Md0i', true, false, '2023-06-11 06:11:11', '2023-06-11 06:11:11'), 
(3, 'Jessica Nielsen', 'johnsonmichaelsuper@example.com', '$2a$10$XzSieHOhgzp1n8nuv2T/6ergVmf6LzxKnR8SIx23Any7gfH52Md0i', false, true, '2023-06-11 06:11:11', '2023-06-11 06:11:11');